folder,domain_id,value,display_name,description
"",alcintakeday_mom_v1_,1,1 drink per day,""
"",alcintakeday_mom_v1_,2,2 drinks per day,""
"",alcintakeday_mom_v1_,3,3 drinks per day,""
"",alcintakeday_mom_v1_,4,4 drinks per day,""
"",alcintakeday_mom_v1_,5,5 drinks per day,""
"",alcintakeday_mom_v1_,6,6 drinks per day,""
"",alcintakeday_mom_v1_,7,7 or more drinks per day,""
"",alcintakeday_mom_v1_,8,Don't Know / Refuse,""
"",alcoholperday_f_int_,1,1 drink per day,""
"",alcoholperday_f_int_,2,2 drinks per day,""
"",alcoholperday_f_int_,3,3 drinks per day,""
"",alcoholperday_f_int_,4,4 drinks per day,""
"",alcoholperday_f_int_,5,5 drinks per day,""
"",alcoholperday_f_int_,6,6 drinks per day,""
"",alcoholperday_f_int_,7,7 or more drinks per day,""
"",alcoholperday_f_int_,8,Don't Know / Refuse,""
"",alcoholperday_f_v2_,1,1 drink per day,""
"",alcoholperday_f_v2_,2,2 drinks per day,""
"",alcoholperday_f_v2_,3,3 drinks per day,""
"",alcoholperday_f_v2_,4,4 drinks per day,""
"",alcoholperday_f_v2_,5,5 drinks per day,""
"",alcoholperday_f_v2_,6,6 drinks per day,""
"",alcoholperday_f_v2_,7,7 or more drinks per day,""
"",alcoholperday_f_v2_,8,Don't Know / Refuse,""
"",babyantibiot_mom_v1_,0,No,""
"",babyantibiot_mom_v1_,1,Yes,""
"",babyantibiot_mom_v1_,2,Unknown,""
"",babyawknght_mom_v1_,1,Less than 10 minutes,""
"",babyawknght_mom_v1_,2,10 minutes,""
"",babyawknght_mom_v1_,3,20 minutes,""
"",babyawknght_mom_v1_,4,30 minutes,""
"",babyawknght_mom_v1_,5,40 minutes,""
"",babyawknght_mom_v1_,6,50 minutes,""
"",babyawknght_mom_v1_,7,60 minutes,""
"",babyawknght_mom_v1_,8,More than 60 minutes,""
"",babycries_mom_v1_,0,Not sure,""
"",babycries_mom_v1_,1,Cries more than other babies,""
"",babycries_mom_v1_,2,Cries the same amount as other babies,""
"",babycries_mom_v1_,3,Cries less than other babies,""
"",babyfallaslp_mom_v1_,1,While feeding,""
"",babyfallaslp_mom_v1_,2,Being rocked,""
"",babyfallaslp_mom_v1_,3,Being held,""
"",babyfallaslp_mom_v1_,4,In bed or crib alone,""
"",babyfallaslp_mom_v1_,5,In bed or crib near parent,""
"",babyscream_mom_v1_,0,No,""
"",babyscream_mom_v1_,1,Yes,""
"",babyscreamify_mom_v1_,1,Only once,""
"",babyscreamify_mom_v1_,2,Sometimes,""
"",babyscreamify_mom_v1_,3,Often,""
"",babysharebd_mom_v1_,0,"Never, or less than once a week",""
"",babysharebd_mom_v1_,1,1 night a week,""
"",babysharebd_mom_v1_,2,2 nights a week,""
"",babysharebd_mom_v1_,3,3 nights a week,""
"",babysharebd_mom_v1_,4,4 nights a week,""
"",babysharebd_mom_v1_,5,5 nights a week,""
"",babysharebd_mom_v1_,6,6 nights a week,""
"",babysharebd_mom_v1_,7,Every night of the week,""
"",babyslpcool_mom_v1_,0,Never,""
"",babyslpcool_mom_v1_,1,Sometimes,""
"",babyslpcool_mom_v1_,2,Always,""
"",babyslpcool_mom_v1_,3,N/A (baby has not experienced summer yet),""
"",babyslpdark_mom_v1_,0,Never,""
"",babyslpdark_mom_v1_,1,Sometimes,""
"",babyslpdark_mom_v1_,2,Always,""
"",babyslpquiet_mom_v1_,0,Never,""
"",babyslpquiet_mom_v1_,1,Sometimes,""
"",babyslpquiet_mom_v1_,2,Always,""
"",babyslpsafe_mom_v1_,0,No,""
"",babyslpsafe_mom_v1_,1,Yes,""
"",babyslpstate_mom_v1_,1,Awake,""
"",babyslpstate_mom_v1_,2,Drowsy but still awake,""
"",babyslpstate_mom_v1_,3,Already sleeping,""
"",babyslpwarm_mom_v1_,0,Never,""
"",babyslpwarm_mom_v1_,1,Sometimes,""
"",babyslpwarm_mom_v1_,2,Always,""
"",babyslpwarm_mom_v1_,3,N/A (baby has not experienced winter yet),""
"",babytoslp_mom_v1___1_,0,Unchecked,""
"",babytoslp_mom_v1___1_,1,Checked,""
"",babytoslp_mom_v1___2_,0,Unchecked,""
"",babytoslp_mom_v1___2_,1,Checked,""
"",babytoslp_mom_v1___3_,0,Unchecked,""
"",babytoslp_mom_v1___3_,1,Checked,""
"",babytoslp_mom_v1___4_,0,Unchecked,""
"",babytoslp_mom_v1___4_,1,Checked,""
"",babytoslp_mom_v1___5_,0,Unchecked,""
"",babytoslp_mom_v1___5_,1,Checked,""
"",babytoslp_mom_v1___6_,0,Unchecked,""
"",babytoslp_mom_v1___6_,1,Checked,""
"",babytoslp_mom_v1___7_,0,Unchecked,""
"",babytoslp_mom_v1___7_,1,Checked,""
"",babywake_f_v2_,1,(1) Not a problem at all,""
"",babywake_f_v2_,2,-2,""
"",babywake_f_v2_,3,(3) Somewhat of a problem,""
"",babywake_f_v2_,4,-4,""
"",babywake_f_v2_,5,(5) Definitely a problem,""
"",bedroutine_mom_v1_,1,Strongly Disagree,""
"",bedroutine_mom_v1_,2,Disagree,""
"",bedroutine_mom_v1_,3,Neutral,""
"",bedroutine_mom_v1_,4,Agree,""
"",bedroutine_mom_v1_,5,Strongly Agree,""
"",bedwbottle_mom_v1_,0,Never,""
"",bedwbottle_mom_v1_,1,"Only occasionally at bedtimes, including naps",""
"",bedwbottle_mom_v1_,2,"At most naps, but not night bedtimes",""
"",bedwbottle_mom_v1_,3,"At most night bedtimes, but not naps",""
"",bedwbottle_mom_v1_,4,"At most bedtimes, including naps",""
"",biofathhtyn_mom_v1_,0,No,""
"",biofathhtyn_mom_v1_,1,Yes,""
"",biofathwtyn_mom_v1_,0,No,""
"",biofathwtyn_mom_v1_,1,Yes,""
"",borncountry_f_v2_,1,United States,""
"",borncountry_f_v2_,2,Other,""
"",brstmlktry_mom_int_,0,No,""
"",brstmlktry_mom_int_,1,Yes,""
"",caffne_mom_int_,0,Never,""
"",caffne_mom_int_,1,Less than once per week,""
"",caffne_mom_int_,2,Once per week,""
"",caffne_mom_int_,3,2-4 times per week,""
"",caffne_mom_int_,4,Nearly daily or daily,""
"",caffne_mom_int_,5,2-4 times per day,""
"",caffne_mom_int_,6,5 or more times per day,""
"",caffne_mom_int_,7,Refused/Don't Know,""
"",caffne_mom_v1_,0,Never,""
"",caffne_mom_v1_,1,Less than once per week,""
"",caffne_mom_v1_,2,Once per week,""
"",caffne_mom_v1_,3,2-4 times per week,""
"",caffne_mom_v1_,4,Nearly daily or daily,""
"",caffne_mom_v1_,5,2-4 times per day,""
"",caffne_mom_v1_,6,5 or more times per day,""
"",caffne_mom_v1_,7,Refused/Don't Know,""
"",calmbaby_mom_v1_,0,Not at all,""
"",calmbaby_mom_v1_,1,A little bit,""
"",calmbaby_mom_v1_,2,Somewhat,""
"",calmbaby_mom_v1_,3,A lot,""
"",carpeting_mom_v1_,0,No,""
"",carpeting_mom_v1_,1,"Yes, at least half of the floor area",""
"",carpeting_mom_v1_,2,"Yes, less than half of the floor area",""
"",childcare_mom_v1_,0,No,""
"",childcare_mom_v1_,1,Yes,""
"",chol_f_v2_,0,No,""
"",chol_f_v2_,1,Yes,""
"",chol_f_v2_,2,Unsure,""
"",cigexpos_mom_v1_,1,0 to less than 1 hour per week,""
"",cigexpos_mom_v1_,2,1 to 4 hours per week,""
"",cigexpos_mom_v1_,3,5 to 8 hours per week,""
"",cigexpos_mom_v1_,4,9 to 12 hours per week,""
"",cigexpos_mom_v1_,5,More than 12 hours per week,""
"",cigexpos_mom_v1_,6,Unsure,""
"",cigsperday_f_int_,1,Less than 5 cigarettes per day,""
"",cigsperday_f_int_,2,5 to 9 cigarettes per day,""
"",cigsperday_f_int_,3,10 to 14 cigarettes per day,""
"",cigsperday_f_int_,4,15 to 24 cigarettes per day,""
"",cigsperday_f_int_,5,25 cigarettes or more per day,""
"",cigsperday_f_v2_,1,Less than 5 cigarettes per day,""
"",cigsperday_f_v2_,2,5 to 9 cigarettes per day,""
"",cigsperday_f_v2_,3,10 to 14 cigarettes per day,""
"",cigsperday_f_v2_,4,15 to 24 cigarettes per day,""
"",cigsperday_f_v2_,5,25 cigarettes or more per day,""
"",cockroach_mom_v1_,0,Never,""
"",cockroach_mom_v1_,1,Few times a year,""
"",cockroach_mom_v1_,2,Few times a month,""
"",cockroach_mom_v1_,3,Few times a week,""
"",cockroach_mom_v1_,4,Every day,""
"",coldsx_mom_v1_,0,No,""
"",coldsx_mom_v1_,1,Yes,""
"",colic_mom_v1_,0,No,""
"",colic_mom_v1_,1,Yes,""
"",comfonlinesurv_f_int_,0,No,""
"",comfonlinesurv_f_int_,1,Yes,""
"",coparent1_f_v2_,0,Not true of us (0),""
"",coparent1_f_v2_,1,-1,""
"",coparent1_f_v2_,2,A little bit true of us (2),""
"",coparent1_f_v2_,3,-3,""
"",coparent1_f_v2_,4,Somewhat true of us (4),""
"",coparent1_f_v2_,5,-5,""
"",coparent1_f_v2_,6,Very true of us(6),""
"",coparent2_f_v2_,0,Not true of us (0),""
"",coparent2_f_v2_,1,-1,""
"",coparent2_f_v2_,2,A little bit true of us (2),""
"",coparent2_f_v2_,3,-3,""
"",coparent2_f_v2_,4,Somewhat true of us (4),""
"",coparent2_f_v2_,5,-5,""
"",coparent2_f_v2_,6,Very true of us(6),""
"",coparent3_f_v2_,0,Not true of us (0),""
"",coparent3_f_v2_,1,-1,""
"",coparent3_f_v2_,2,A little bit true of us (2),""
"",coparent3_f_v2_,3,-3,""
"",coparent3_f_v2_,4,Somewhat true of us (4),""
"",coparent3_f_v2_,5,-5,""
"",coparent3_f_v2_,6,Very true of us(6),""
"",coparent4_f_v2_,0,Not true of us (0),""
"",coparent4_f_v2_,1,-1,""
"",coparent4_f_v2_,2,A little bit true of us (2),""
"",coparent4_f_v2_,3,-3,""
"",coparent4_f_v2_,4,Somewhat true of us (4),""
"",coparent4_f_v2_,5,-5,""
"",coparent4_f_v2_,6,Very true of us(6),""
"",coparent5_f_v2_,0,Not true of us (0),""
"",coparent5_f_v2_,1,-1,""
"",coparent5_f_v2_,2,A little bit true of us (2),""
"",coparent5_f_v2_,3,-3,""
"",coparent5_f_v2_,4,Somewhat true of us (4),""
"",coparent5_f_v2_,5,-5,""
"",coparent5_f_v2_,6,Very true of us(6),""
"",coparent6_f_v2_,0,Not true of us (0),""
"",coparent6_f_v2_,1,-1,""
"",coparent6_f_v2_,2,A little bit true of us (2),""
"",coparent6_f_v2_,3,-3,""
"",coparent6_f_v2_,4,Somewhat true of us (4),""
"",coparent6_f_v2_,5,-5,""
"",coparent6_f_v2_,6,Very true of us(6),""
"",cough_mom_v1_,0,No,""
"",cough_mom_v1_,1,Yes,""
"",country_mom_v1_,1,United States,""
"",country_mom_v1_,2,Other,""
"",cryprob_mom_v1_,0,Not at all,""
"",cryprob_mom_v1_,1,A little bit,""
"",cryprob_mom_v1_,2,Somewhat,""
"",cryprob_mom_v1_,3,A lot,""
"",currntsmoke_mom_v1_,0,No,""
"",currntsmoke_mom_v1_,1,Yes - At least 1 cigarette per day,""
"",currntsmoke_mom_v1_,2,Yes - Less than 1 cigarette per day,""
"",depr10_f_v2_,0,Not at all,""
"",depr10_f_v2_,1,Not very often,""
"",depr10_f_v2_,2,Some of the time,""
"",depr10_f_v2_,3,Most of the time,""
"",depr10r_mom_v1_,0,Not at All,""
"",depr10r_mom_v1_,1,Not very often,""
"",depr10r_mom_v1_,2,Some of the time,""
"",depr10r_mom_v1_,3,Most of the time,""
"",depr10r_mom_v1_,100,Refused,""
"",depr1_f_v2_,0,Not at all,""
"",depr1_f_v2_,1,Not very often,""
"",depr1_f_v2_,2,Some of the time,""
"",depr1_f_v2_,3,Most of the time,""
"",depr1_mom_v1_,0,Not at All,""
"",depr1_mom_v1_,1,Not very often,""
"",depr1_mom_v1_,2,Some of the time,""
"",depr1_mom_v1_,3,Most of the time,""
"",depr1_mom_v1_,100,Refused,""
"",depr2_f_v2_,0,Not at all,""
"",depr2_f_v2_,1,Not very often,""
"",depr2_f_v2_,2,Some of the time,""
"",depr2_f_v2_,3,Most of the time,""
"",depr2_mom_v1_,0,Not at All,""
"",depr2_mom_v1_,1,Not very often,""
"",depr2_mom_v1_,2,Some of the time,""
"",depr2_mom_v1_,3,Most of the time,""
"",depr2_mom_v1_,100,Refused,""
"",depr3_f_v2_,0,Not at all,""
"",depr3_f_v2_,1,Not very often,""
"",depr3_f_v2_,2,Some of the time,""
"",depr3_f_v2_,3,Most of the time,""
"",depr3_mom_v1_,0,Not at All,""
"",depr3_mom_v1_,1,Not very often,""
"",depr3_mom_v1_,2,Some of the time,""
"",depr3_mom_v1_,3,Most of the time,""
"",depr3_mom_v1_,100,Refused,""
"",depr4_f_v2_,0,Not at all,""
"",depr4_f_v2_,1,Not very often,""
"",depr4_f_v2_,2,Some of the time,""
"",depr4_f_v2_,3,Most of the time,""
"",depr4_mom_v1_,0,Not at All,""
"",depr4_mom_v1_,1,Not very often,""
"",depr4_mom_v1_,2,Some of the time,""
"",depr4_mom_v1_,3,Most of the time,""
"",depr4_mom_v1_,100,Refused,""
"",depr5_f_v2_,0,Not at all,""
"",depr5_f_v2_,1,Not very often,""
"",depr5_f_v2_,2,Some of the time,""
"",depr5_f_v2_,3,Most of the time,""
"",depr5_mom_v1_,0,Not at All,""
"",depr5_mom_v1_,1,Not very often,""
"",depr5_mom_v1_,2,Some of the time,""
"",depr5_mom_v1_,3,Most of the time,""
"",depr5_mom_v1_,100,Refused,""
"",depr6_f_v2_,0,Not at all,""
"",depr6_f_v2_,1,Not very often,""
"",depr6_f_v2_,2,Some of the time,""
"",depr6_f_v2_,3,Most of the time,""
"",depr6_mom_v1_,0,Not at All,""
"",depr6_mom_v1_,1,Not very often,""
"",depr6_mom_v1_,2,Some of the time,""
"",depr6_mom_v1_,3,Most of the time,""
"",depr6_mom_v1_,100,Refused,""
"",depr7_f_v2_,0,Not at all,""
"",depr7_f_v2_,1,Not very often,""
"",depr7_f_v2_,2,Some of the time,""
"",depr7_f_v2_,3,Most of the time,""
"",depr7_mom_v1_,0,Not at All,""
"",depr7_mom_v1_,1,Not very often,""
"",depr7_mom_v1_,2,Some of the time,""
"",depr7_mom_v1_,3,Most of the time,""
"",depr7_mom_v1_,100,Refused,""
"",depr8_f_v2_,0,As much as always,""
"",depr8_f_v2_,1,Somewhat less than usual,""
"",depr8_f_v2_,2,Much less than usual,""
"",depr8_f_v2_,3,Not at all,""
"",depr8_mom_v1_,0,As much as always,""
"",depr8_mom_v1_,1,Somewhat less than usual,""
"",depr8_mom_v1_,2,Much less than usual,""
"",depr8_mom_v1_,3,Not at all,""
"",depr8_mom_v1_,100,Refused,""
"",depr9_f_v2_,0,As much as always,""
"",depr9_f_v2_,1,Somewhat less than usual,""
"",depr9_f_v2_,2,Much less than usual,""
"",depr9_f_v2_,3,Not at all,""
"",depr9_mom_v1_,0,As much as always,""
"",depr9_mom_v1_,1,Somewhat less than usual,""
"",depr9_mom_v1_,2,Much less than usual,""
"",depr9_mom_v1_,3,Not at all,""
"",depr9_mom_v1_,100,Refused,""
"",drinkcoffeetea_f_v2_,0,Never,""
"",drinkcoffeetea_f_v2_,1,Less than once per week,""
"",drinkcoffeetea_f_v2_,2,Once per week,""
"",drinkcoffeetea_f_v2_,3,2-4 times per week,""
"",drinkcoffeetea_f_v2_,4,Nearly daily or daily,""
"",drinkcoffeetea_f_v2_,5,2-4 times per day,""
"",drinkcoffeetea_f_v2_,6,5 or more times per day,""
"",drinkenergy_f_v2_,0,Never,""
"",drinkenergy_f_v2_,1,Less than once per week,""
"",drinkenergy_f_v2_,2,Once per week,""
"",drinkenergy_f_v2_,3,2-4 times per week,""
"",drinkenergy_f_v2_,4,Nearly daily or daily,""
"",drinkenergy_f_v2_,5,2-4 times per day,""
"",drinkenergy_f_v2_,6,5 or more times per day,""
"",drinkjuice_f_int_,0,Never,""
"",drinkjuice_f_int_,1,Less than once per week,""
"",drinkjuice_f_int_,2,Once per week,""
"",drinkjuice_f_int_,3,2-4 times per week,""
"",drinkjuice_f_int_,4,Nearly daily or daily,""
"",drinkjuice_f_int_,5,2-4 times per day,""
"",drinkjuice_f_int_,6,5 or more times per day,""
"",drinkjuice_f_v2_,0,Never,""
"",drinkjuice_f_v2_,1,Less than once per week,""
"",drinkjuice_f_v2_,2,Once per week,""
"",drinkjuice_f_v2_,3,2-4 times per week,""
"",drinkjuice_f_v2_,4,Nearly daily or daily,""
"",drinkjuice_f_v2_,5,2-4 times per day,""
"",drinkjuice_f_v2_,6,5 or more times per day,""
"",drinkpunch_f_int_,0,Never,""
"",drinkpunch_f_int_,1,Less than once per week,""
"",drinkpunch_f_int_,2,Once per week,""
"",drinkpunch_f_int_,3,2-4 times per week,""
"",drinkpunch_f_int_,4,Nearly daily or daily,""
"",drinkpunch_f_int_,5,2-4 times per day,""
"",drinkpunch_f_int_,6,5 or more times per day,""
"",drinkpunch_f_v2_,0,Never,""
"",drinkpunch_f_v2_,1,Less than once per week,""
"",drinkpunch_f_v2_,2,Once per week,""
"",drinkpunch_f_v2_,3,2-4 times per week,""
"",drinkpunch_f_v2_,4,Nearly daily or daily,""
"",drinkpunch_f_v2_,5,2-4 times per day,""
"",drinkpunch_f_v2_,6,5 or more times per day,""
"",drinksodas_f_int_,0,Never,""
"",drinksodas_f_int_,1,Less than once per week,""
"",drinksodas_f_int_,2,Once per week,""
"",drinksodas_f_int_,3,2-4 times per week,""
"",drinksodas_f_int_,4,Nearly daily or daily,""
"",drinksodas_f_int_,5,2-4 times per day,""
"",drinksodas_f_int_,6,5 or more times per day,""
"",drinksodas_f_v2_,0,Never,""
"",drinksodas_f_v2_,1,Less than once per week,""
"",drinksodas_f_v2_,2,Once per week,""
"",drinksodas_f_v2_,3,2-4 times per week,""
"",drinksodas_f_v2_,4,Nearly daily or daily,""
"",drinksodas_f_v2_,5,2-4 times per day,""
"",drinksodas_f_v2_,6,5 or more times per day,""
"",eatfastfood_f_int_,0,Never,""
"",eatfastfood_f_int_,1,Less than once per week,""
"",eatfastfood_f_int_,2,Once per week,""
"",eatfastfood_f_int_,3,2-4 times per week,""
"",eatfastfood_f_int_,4,Nearly daily or daily,""
"",eatfastfood_f_int_,5,2-4 times per day,""
"",eatfastfood_f_int_,6,5 or more times per day,""
"",eatfastfood_f_v2_,0,Never,""
"",eatfastfood_f_v2_,1,Less than once per week,""
"",eatfastfood_f_v2_,2,Once per week,""
"",eatfastfood_f_v2_,3,2-4 times per week,""
"",eatfastfood_f_v2_,4,Nearly daily or daily,""
"",eatfastfood_f_v2_,5,2-4 times per day,""
"",eatfastfood_f_v2_,6,5 or more times per day,""
"",eatfruit_f_int_,0,Never,""
"",eatfruit_f_int_,1,Less than once per week,""
"",eatfruit_f_int_,2,Once per week,""
"",eatfruit_f_int_,3,2-4 times per week,""
"",eatfruit_f_int_,4,Nearly daily or daily,""
"",eatfruit_f_int_,5,2-4 times per day,""
"",eatfruit_f_int_,6,5 or more times per day,""
"",eatfruit_f_v2_,0,Never,""
"",eatfruit_f_v2_,1,Less than once per week,""
"",eatfruit_f_v2_,2,Once per week,""
"",eatfruit_f_v2_,3,2-4 times per week,""
"",eatfruit_f_v2_,4,Nearly daily or daily,""
"",eatfruit_f_v2_,5,2-4 times per day,""
"",eatfruit_f_v2_,6,5 or more times per day,""
"",eatprocessedmeat_f_int_,0,Never,""
"",eatprocessedmeat_f_int_,1,Less than once per week,""
"",eatprocessedmeat_f_int_,2,Once per week,""
"",eatprocessedmeat_f_int_,3,2-4 times per week,""
"",eatprocessedmeat_f_int_,4,Nearly daily or daily,""
"",eatprocessedmeat_f_int_,5,2-4 times per day,""
"",eatprocessedmeat_f_int_,6,5 or more times per day,""
"",eatprocessedmeat_f_v2_,0,Never,""
"",eatprocessedmeat_f_v2_,1,Less than once per week,""
"",eatprocessedmeat_f_v2_,2,Once per week,""
"",eatprocessedmeat_f_v2_,3,2-4 times per week,""
"",eatprocessedmeat_f_v2_,4,Nearly daily or daily,""
"",eatprocessedmeat_f_v2_,5,2-4 times per day,""
"",eatprocessedmeat_f_v2_,6,5 or more times per day,""
"",eatsweets_f_int_,0,Never,""
"",eatsweets_f_int_,1,Less than once per week,""
"",eatsweets_f_int_,2,Once per week,""
"",eatsweets_f_int_,3,2-4 times per week,""
"",eatsweets_f_int_,4,Nearly daily or daily,""
"",eatsweets_f_int_,5,2-4 times per day,""
"",eatsweets_f_int_,6,5 or more times per day,""
"",eatsweets_f_v2_,0,Never,""
"",eatsweets_f_v2_,1,Less than once per week,""
"",eatsweets_f_v2_,2,Once per week,""
"",eatsweets_f_v2_,3,2-4 times per week,""
"",eatsweets_f_v2_,4,Nearly daily or daily,""
"",eatsweets_f_v2_,5,2-4 times per day,""
"",eatsweets_f_v2_,6,5 or more times per day,""
"",eatveggies_f_int_,0,Never,""
"",eatveggies_f_int_,1,Less than once per week,""
"",eatveggies_f_int_,2,Once per week,""
"",eatveggies_f_int_,3,2-4 times per week,""
"",eatveggies_f_int_,4,Nearly daily or daily,""
"",eatveggies_f_int_,5,2-4 times per day,""
"",eatveggies_f_int_,6,5 or more times per day,""
"",eatveggies_f_v2_,0,Never,""
"",eatveggies_f_v2_,1,Less than once per week,""
"",eatveggies_f_v2_,2,Once per week,""
"",eatveggies_f_v2_,3,2-4 times per week,""
"",eatveggies_f_v2_,4,Nearly daily or daily,""
"",eatveggies_f_v2_,5,2-4 times per day,""
"",eatveggies_f_v2_,6,5 or more times per day,""
"",eclmps_mom_v1_,0,No,""
"",eclmps_mom_v1_,1,Yes,""
"",eclmps_mom_v1_,2,Don't Know/Refused,""
"",edu_f_int_,1,Less than 12th grade,""
"",edu_f_int_,2,High school degree or GED,""
"",edu_f_int_,3,Some college or an associate's degree,""
"",edu_f_int_,4,Bachelor's degree,""
"",edu_f_int_,5,Graduate degree or higher,""
"",edu_f_int_,6,Decline/Don't Know,""
"",edu_mom_int_,1,Less than 12th grade,""
"",edu_mom_int_,2,High school degree or GED,""
"",edu_mom_int_,3,Some college or an associate's degree,""
"",edu_mom_int_,4,Bachelor's degree,""
"",edu_mom_int_,5,Graduate degree or higher,""
"",edu_mom_int_,6,Refused/Don't Know,""
"",elig_f_v2_,1,Yes,""
"",elig_f_v2_,2,No,""
"",employment_f_int_,1,Employed full-time (more than 35 hours per week),""
"",employment_f_int_,2,Employed part-time (less than 35 hours per day),""
"",employment_f_int_,3,"Not employed, not looking for work",""
"",employment_f_int_,4,"Not employed, looking for work",""
"",employment_f_int_,5,Student,""
"",employment_f_v2_,1,Employed full-time (more than 35 hours per week),""
"",employment_f_v2_,2,Employed part-time (less than 35 hours per day),""
"",employment_f_v2_,3,"Not employed, not looking for work",""
"",employment_f_v2_,4,"Not employed, looking for work",""
"",employment_f_v2_,5,Student,""
"",employmntstatus_mom_v1_,1,Employed full-time (more than 35 hours per week),""
"",employmntstatus_mom_v1_,2,Employed part-time (less than 35 hours per week),""
"",employmntstatus_mom_v1_,3,"Not employed, not looking for work",""
"",employmntstatus_mom_v1_,4,"Not employed, looking for work",""
"",employmntstatus_mom_v1_,5,Student,""
"",energy_mom_int_,0,Never,""
"",energy_mom_int_,1,Less than once per week,""
"",energy_mom_int_,2,Once per week,""
"",energy_mom_int_,3,2-4 times per week,""
"",energy_mom_int_,4,Nearly daily or daily,""
"",energy_mom_int_,5,2-4 times per day,""
"",energy_mom_int_,6,5 or more times per day,""
"",energy_mom_int_,7,Refused/Don't Know,""
"",energy_mom_v1_,0,Never,""
"",energy_mom_v1_,1,Less than once per week,""
"",energy_mom_v1_,2,Once per week,""
"",energy_mom_v1_,3,2-4 times per week,""
"",energy_mom_v1_,4,Nearly daily or daily,""
"",energy_mom_v1_,5,2-4 times per day,""
"",energy_mom_v1_,6,5 or more times per day,""
"",energy_mom_v1_,7,Refused/Don't Know,""
"",event10_mom_v1_,0,No,""
"",event10_mom_v1_,1,Yes,""
"",event10_mom_v1_,2,Refused/Don't Know,""
"",event11_mom_v1_,0,No,""
"",event11_mom_v1_,1,Yes,""
"",event11_mom_v1_,2,Refused/Don't Know,""
"",event12_mom_v1_,0,No,""
"",event12_mom_v1_,1,Yes,""
"",event12_mom_v1_,2,Refused/Don't Know,""
"",event1_mom_v1_,0,No,""
"",event1_mom_v1_,1,Yes,""
"",event1_mom_v1_,2,Refused/Don't Know,""
"",event2_mom_v1_,0,No,""
"",event2_mom_v1_,1,Yes,""
"",event2_mom_v1_,2,Refused/Don't Know,""
"",event3_mom_v1_,0,No,""
"",event3_mom_v1_,1,Yes,""
"",event3_mom_v1_,2,Refused/Don't Know,""
"",event4_mom_v1_,0,No,""
"",event4_mom_v1_,1,Yes,""
"",event4_mom_v1_,2,Refused/Don't Know,""
"",event5_mom_v1_,0,No,""
"",event5_mom_v1_,1,Yes,""
"",event5_mom_v1_,2,Refused/Don't Know,""
"",event6_mom_v1_,0,No,""
"",event6_mom_v1_,1,Yes,""
"",event6_mom_v1_,2,Refused/Don't Know,""
"",event7_mom_v1_,0,No,""
"",event7_mom_v1_,1,Yes,""
"",event7_mom_v1_,2,Refused/Don't Know,""
"",event8_mom_v1_,0,No,""
"",event8_mom_v1_,1,Yes,""
"",event8_mom_v1_,2,Refused/Don't Know,""
"",event9_mom_v1_,0,No,""
"",event9_mom_v1_,1,Yes,""
"",event9_mom_v1_,2,Refused/Don't Know,""
"",fallaslpampm_mom_v1_,1,Am,""
"",fallaslpampm_mom_v1_,2,Pm,""
"",female1_mom_v1_,0,No,""
"",female1_mom_v1_,1,Yes,""
"",female2_mom_v1_,0,No,""
"",female2_mom_v1_,1,Yes,""
"",ffconsum_mom_int_,0,Never,""
"",ffconsum_mom_int_,1,Less than once per week,""
"",ffconsum_mom_int_,2,Once per week,""
"",ffconsum_mom_int_,3,2-4 times per week,""
"",ffconsum_mom_int_,4,Nearly daily or daily,""
"",ffconsum_mom_int_,5,2-4 times per day,""
"",ffconsum_mom_int_,6,5 or more times per day,""
"",ffconsum_mom_int_,7,Refused/Don't Know,""
"",ffconsum_mom_v1_,0,Never,""
"",ffconsum_mom_v1_,1,Less than once per week,""
"",ffconsum_mom_v1_,2,Once per week,""
"",ffconsum_mom_v1_,3,2-4 times per week,""
"",ffconsum_mom_v1_,4,Nearly daily or daily,""
"",ffconsum_mom_v1_,5,2-4 times per day,""
"",ffconsum_mom_v1_,6,5 or more times per day,""
"",ffconsum_mom_v1_,7,Refused/Don't Know,""
"",fish_mom_int_,0,Never,""
"",fish_mom_int_,1,Less than once per week,""
"",fish_mom_int_,2,Once per week,""
"",fish_mom_int_,3,2-4 times per week,""
"",fish_mom_int_,4,Nearly daily or daily,""
"",fish_mom_int_,5,2-4 times per day,""
"",fish_mom_int_,6,5 or more times per day,""
"",fish_mom_int_,7,Refused/Don't Know,""
"",fish_mom_v1_,0,Never,""
"",fish_mom_v1_,1,Less than once per week,""
"",fish_mom_v1_,2,Once per week,""
"",fish_mom_v1_,3,2-4 times per week,""
"",fish_mom_v1_,4,Nearly daily or daily,""
"",fish_mom_v1_,5,2-4 times per day,""
"",fish_mom_v1_,6,5 or more times per day,""
"",fish_mom_v1_,7,Refused/Don't Know,""
"",formulatry_mom_int_,0,No,""
"",formulatry_mom_int_,1,Yes,""
"",formulatry_mom_int_,2,Don't know,""
"",freqbaby1_f_v2_,0,Never,""
"",freqbaby1_f_v2_,1,Rarely,""
"",freqbaby1_f_v2_,2,Sometimes,""
"",freqbaby1_f_v2_,3,Often,""
"",freqbaby1_f_v2_,4,Always,""
"",freqbaby2_f_v2_,0,Never,""
"",freqbaby2_f_v2_,1,Rarely,""
"",freqbaby2_f_v2_,2,Sometimes,""
"",freqbaby2_f_v2_,3,Often,""
"",freqbaby2_f_v2_,4,Always,""
"",freqbaby3_f_v2_,0,Never,""
"",freqbaby3_f_v2_,1,Rarely,""
"",freqbaby3_f_v2_,2,Sometimes,""
"",freqbaby3_f_v2_,3,Often,""
"",freqbaby3_f_v2_,4,Always,""
"",freqbaby4_f_v2_,0,Never,""
"",freqbaby4_f_v2_,1,Rarely,""
"",freqbaby4_f_v2_,2,Sometimes,""
"",freqbaby4_f_v2_,3,Often,""
"",freqbaby4_f_v2_,4,Always,""
"",freqbaby5_f_v2_,0,Never,""
"",freqbaby5_f_v2_,1,Rarely,""
"",freqbaby5_f_v2_,2,Sometimes,""
"",freqbaby5_f_v2_,3,Often,""
"",freqbaby5_f_v2_,4,Always,""
"",fruit_mom_int_,0,Never,""
"",fruit_mom_int_,1,Less than once per week,""
"",fruit_mom_int_,2,Once per week,""
"",fruit_mom_int_,3,2-4 times per week,""
"",fruit_mom_int_,4,Nearly daily or daily,""
"",fruit_mom_int_,5,2-4 times per day,""
"",fruit_mom_int_,6,5 or more times per day,""
"",fruit_mom_int_,7,Refused/Don't Know,""
"",fruit_mom_v1_,0,Never,""
"",fruit_mom_v1_,1,Less than once per week,""
"",fruit_mom_v1_,2,Once per week,""
"",fruit_mom_v1_,3,2-4 times per week,""
"",fruit_mom_v1_,4,Nearly daily or daily,""
"",fruit_mom_v1_,5,2-4 times per day,""
"",fruit_mom_v1_,6,5 or more times per day,""
"",fruit_mom_v1_,7,Refused/Don't Know,""
"",furanimalhome_mom_v1_,0,No,""
"",furanimalhome_mom_v1_,1,Yes,""
"",furanimalhome_mom_v1_,2,Don't know,""
"",gesdiab_mom_v1_,0,No,""
"",gesdiab_mom_v1_,1,Yes,""
"",gesdiab_mom_v1_,2,Don't Know/Refused,""
"",grpbstrep_mom_v1_,0,No,""
"",grpbstrep_mom_v1_,1,Yes,""
"",grpbstrep_mom_v1_,2,Don't Know/Refused,""
"",htinch_f_int_,1,0 inches,""
"",htinch_f_int_,2,1 inches,""
"",htinch_f_int_,3,2 inches,""
"",htinch_f_int_,4,3 inches,""
"",htinch_f_int_,5,4 inches,""
"",htinch_f_int_,6,5 inches,""
"",htinch_f_int_,7,6 inches,""
"",htinch_f_int_,8,7 inches,""
"",htinch_f_int_,9,8 inches,""
"",htinch_f_int_,10,9 inches,""
"",htinch_f_int_,11,10 inches,""
"",htinch_f_int_,12,11 inches,""
"",htn_f_v2_,0,No,""
"",htn_f_v2_,1,Yes,""
"",htn_f_v2_,2,Unsure,""
"",httfeet_f_int_,1,4 feet,""
"",httfeet_f_int_,2,5 feet,""
"",httfeet_f_int_,3,6 feet,""
"",income_f_v2_,1,No income,""
"",income_f_v2_,2,"< $10,000",""
"",income_f_v2_,3,"$10,000- $19,999",""
"",income_f_v2_,4,"$20,000- $29,999",""
"",income_f_v2_,5,"$30,000- $39,999",""
"",income_f_v2_,6,"$40,000- $49,999",""
"",income_f_v2_,7,"$50,000- $59,999",""
"",income_f_v2_,8,"$60,000- $69,999",""
"",income_f_v2_,9,"$70,000- $79,999",""
"",income_f_v2_,10,"$80,000- $89,999",""
"",income_f_v2_,11,"$90,000- $99,999",""
"",income_f_v2_,12,"$100,000-$199,999",""
"",income_f_v2_,13,"> $200,000",""
"",income_f_v2_,14,Refused,""
"",income_mom_int_,1,No income,""
"",income_mom_int_,2,"Less than $10,000",""
"",income_mom_int_,3,"$10,000- $19,999",""
"",income_mom_int_,4,"$20,000- $29,999",""
"",income_mom_int_,5,"$30,000- $39,999",""
"",income_mom_int_,6,"$40,000- $49,999",""
"",income_mom_int_,7,"$50,000- $59,999",""
"",income_mom_int_,8,"$60,000- $69,999",""
"",income_mom_int_,9,"$70,000- $79,999",""
"",income_mom_int_,10,"$80,000- $89,999",""
"",income_mom_int_,11,"$90,000- $99,999",""
"",income_mom_int_,12,"$100,000-$199,999",""
"",income_mom_int_,13,"More than $200,000",""
"",income_mom_int_,14,Refused,""
"",internethome_f_int_,0,No,""
"",internethome_f_int_,1,Yes,""
"",internetwork_f_int_,0,No,""
"",internetwork_f_int_,1,Yes,""
"",internetwork_f_int_,2,Not applicable,""
"",juice_mom_int_,0,Never,""
"",juice_mom_int_,1,Less than once per week,""
"",juice_mom_int_,2,Once per week,""
"",juice_mom_int_,3,2-4 times per week,""
"",juice_mom_int_,4,Nearly daily or daily,""
"",juice_mom_int_,5,2-4 times per day,""
"",juice_mom_int_,6,5 or more times per day,""
"",juice_mom_int_,7,Refused/Don't Know,""
"",juice_mom_v1_,0,Never,""
"",juice_mom_v1_,1,Less than once per week,""
"",juice_mom_v1_,2,Once per week,""
"",juice_mom_v1_,3,2-4 times per week,""
"",juice_mom_v1_,4,Nearly daily or daily,""
"",juice_mom_v1_,5,2-4 times per day,""
"",juice_mom_v1_,6,5 or more times per day,""
"",juice_mom_v1_,7,Refused/Don't Know,""
"",langreadsp_mom_v1_,1,Only English,""
"",langreadsp_mom_v1_,2,More English than another language,""
"",langreadsp_mom_v1_,3,Both English and another language equally,""
"",langreadsp_mom_v1_,4,More another language than English,""
"",langreadsp_mom_v1_,5,Only another language,""
"",langspfrnd_mom_v1_,1,Only English,""
"",langspfrnd_mom_v1_,2,More English than another language,""
"",langspfrnd_mom_v1_,3,Both English and another language equally,""
"",langspfrnd_mom_v1_,4,More another language than English,""
"",langspfrnd_mom_v1_,5,Only another language,""
"",langsphome_mom_v1_,1,Only English,""
"",langsphome_mom_v1_,2,More English than another language,""
"",langsphome_mom_v1_,3,Both English and another language equally,""
"",langsphome_mom_v1_,4,More another language than English,""
"",langsphome_mom_v1_,5,Only another language,""
"",langthink_mom_v1_,1,Only English,""
"",langthink_mom_v1_,2,More English than another language,""
"",langthink_mom_v1_,3,Both English and another language equally,""
"",langthink_mom_v1_,4,More another language than English,""
"",langthink_mom_v1_,5,Only another language,""
"",livehome_mom_v1___1_,0,Unchecked,""
"",livehome_mom_v1___1_,1,Checked,""
"",livehome_mom_v1___2_,0,Unchecked,""
"",livehome_mom_v1___2_,1,Checked,""
"",livehome_mom_v1___3_,0,Unchecked,""
"",livehome_mom_v1___3_,1,Checked,""
"",livehome_mom_v1___4_,0,Unchecked,""
"",livehome_mom_v1___4_,1,Checked,""
"",livehome_mom_v1___5_,0,Unchecked,""
"",livehome_mom_v1___5_,1,Checked,""
"",livehome_mom_v1___6_,0,Unchecked,""
"",livehome_mom_v1___6_,1,Checked,""
"",livehome_mom_v1___7_,0,Unchecked,""
"",livehome_mom_v1___7_,1,Checked,""
"",male1_mom_v1_,0,No,""
"",male1_mom_v1_,1,Yes,""
"",male2_mom_v1_,0,No,""
"",male2_mom_v1_,1,Yes,""
"",male3_mom_v1_,0,No,""
"",male3_mom_v1_,1,Yes,""
"",maternleave_mom_v1_,0,No,""
"",maternleave_mom_v1_,1,Yes,""
"",matleavwkmo_mom_v1_,1,Weeks,""
"",matleavwkmo_mom_v1_,2,Months,""
"",mdd_mom_v1_,0,No,""
"",mdd_mom_v1_,1,Yes,""
"",mdd_mom_v1_,2,Don't Know/Refused,""
"",mice_mom_v1_,0,Never,""
"",mice_mom_v1_,1,Few times a year,""
"",mice_mom_v1_,2,Few times a month,""
"",mice_mom_v1_,3,Few times a week,""
"",mice_mom_v1_,4,Every day,""
"",mildex_f_int_,0,Never,""
"",mildex_f_int_,1,1 time per week,""
"",mildex_f_int_,2,2 times per week,""
"",mildex_f_int_,3,3 times per week,""
"",mildex_f_int_,4,4 times per week,""
"",mildex_f_int_,5,5 times per week,""
"",mildex_f_int_,6,6 times per week,""
"",mildex_f_int_,7,7 times per week,""
"",mildex_f_int_,8,8 times per week,""
"",mildex_f_int_,9,9 times per week,""
"",mildex_f_int_,10,10 times per week,""
"",mildex_f_int_,11,11 times per week,""
"",mildex_f_int_,12,12 times per week,""
"",mildex_f_int_,13,13 times per week,""
"",mildex_f_int_,14,14 times per week,""
"",mildex_f_int_,15,15 times per week,""
"",mildex_f_int_,16,> 15 times per week,""
"",mildexercise_f_v2_,0,Never,""
"",mildexercise_f_v2_,1,1 time per week,""
"",mildexercise_f_v2_,2,2 times per week,""
"",mildexercise_f_v2_,3,3 times per week,""
"",mildexercise_f_v2_,4,4 times per week,""
"",mildexercise_f_v2_,5,5 times per week,""
"",mildexercise_f_v2_,6,6 times per week,""
"",mildexercise_f_v2_,7,7 times per week,""
"",mildexercise_f_v2_,8,8 times per week,""
"",mildexercise_f_v2_,9,9 times per week,""
"",mildexercise_f_v2_,10,10 times per week,""
"",mildexercise_f_v2_,11,11 times per week,""
"",mildexercise_f_v2_,12,12 times per week,""
"",mildexercise_f_v2_,13,13 times per week,""
"",mildexercise_f_v2_,14,14 times per week,""
"",mildexercise_f_v2_,15,15 times per week,""
"",mildexercise_f_v2_,16,More than 15 times per week,""
"",milktype1wk_mom_int_,1,Breast milk only,""
"",milktype1wk_mom_int_,2,"Mostly breast milk, some formula",""
"",milktype1wk_mom_int_,3,"Mostly formula, some breast milk",""
"",milktype1wk_mom_int_,4,Formula only,""
"",milktype1wk_mom_int_,5,Don't know yet,""
"",milktype3mo_mom_int_,1,Breast milk only,""
"",milktype3mo_mom_int_,2,"Mostly breast milk, some formula",""
"",milktype3mo_mom_int_,3,"Mostly formula, some breast milk",""
"",milktype3mo_mom_int_,4,Formula only,""
"",milktype3mo_mom_int_,5,Don't know yet,""
"",modex_f_int_,0,Never,""
"",modex_f_int_,1,1 time per week,""
"",modex_f_int_,2,2 times per week,""
"",modex_f_int_,3,3 times per week,""
"",modex_f_int_,4,4 times per week,""
"",modex_f_int_,5,5 times per week,""
"",modex_f_int_,6,6 times per week,""
"",modex_f_int_,7,7 times per week,""
"",modex_f_int_,8,8 times per week,""
"",modex_f_int_,9,9 times per week,""
"",modex_f_int_,10,10 times per week,""
"",modex_f_int_,11,11 times per week,""
"",modex_f_int_,12,12 times per week,""
"",modex_f_int_,13,13 times per week,""
"",modex_f_int_,14,14 times per week,""
"",modex_f_int_,15,15 times per week,""
"",modex_f_int_,16,> 15 times per week,""
"",modexercise_f_v2_,0,Never,""
"",modexercise_f_v2_,1,1 time per week,""
"",modexercise_f_v2_,2,2 times per week,""
"",modexercise_f_v2_,3,3 times per week,""
"",modexercise_f_v2_,4,4 times per week,""
"",modexercise_f_v2_,5,5 times per week,""
"",modexercise_f_v2_,6,6 times per week,""
"",modexercise_f_v2_,7,7 times per week,""
"",modexercise_f_v2_,8,8 times per week,""
"",modexercise_f_v2_,9,9 times per week,""
"",modexercise_f_v2_,10,10 times per week,""
"",modexercise_f_v2_,11,11 times per week,""
"",modexercise_f_v2_,12,12 times per week,""
"",modexercise_f_v2_,13,13 times per week,""
"",modexercise_f_v2_,14,14 times per week,""
"",modexercise_f_v2_,15,15 times per week,""
"",modexercise_f_v2_,16,More than 15 times per week,""
"",moldmildewhome_mom_v1_,0,No,""
"",moldmildewhome_mom_v1_,1,Yes,""
"",moldmildewhome_mom_v1_,2,Don't Know,""
"",morneven_f_v2_,0,NEITHER a morning nor an evening type,""
"",morneven_f_v2_,1,Definitely a morning type,""
"",morneven_f_v2_,2,Rather more a morning than an evening type,""
"",morneven_f_v2_,3,Rather more an evening than a morning type,""
"",morneven_f_v2_,4,Definitely an evening type,""
"",morningpers_mom_v1_,1,Definitely a morning type,""
"",morningpers_mom_v1_,2,Rather more a morning than an evening type,""
"",morningpers_mom_v1_,3,Rather more an evening than a morning type,""
"",morningpers_mom_v1_,4,Definitely an evening type,""
"",morningpers_mom_v1_,5,NEITHER a morning or an evening type,""
"",movein_mom_v1_,0,No,""
"",movein_mom_v1_,1,Yes,""
"",movein_mom_v1_,2,Don't Know,""
"",nofood_mom_v1_,0,Never True,""
"",nofood_mom_v1_,1,Sometimes True,""
"",nofood_mom_v1_,2,Often True,""
"",nomoneyfood_mom_v1_,0,Never True,""
"",nomoneyfood_mom_v1_,1,Sometimes True,""
"",nomoneyfood_mom_v1_,2,Often True,""
"",nopayrent_mom_v1_,0,No,""
"",nopayrent_mom_v1_,1,Yes,""
"",nopayrent_mom_v1_,2,Don't Know,""
"",otherill_mom_v1_,0,No,""
"",otherill_mom_v1_,1,Yes,""
"",pacifhowoft_mom_v1_,0,"Never, or less than once a week",""
"",pacifhowoft_mom_v1_,1,1 night a week,""
"",pacifhowoft_mom_v1_,2,2 nights a week,""
"",pacifhowoft_mom_v1_,3,3 nights a week,""
"",pacifhowoft_mom_v1_,4,4 nights a week,""
"",pacifhowoft_mom_v1_,5,5 nights a week,""
"",pacifhowoft_mom_v1_,6,6 nights a week,""
"",pacifhowoft_mom_v1_,7,Every night of the week,""
"",pacifier_mom_v1_,0,No,""
"",pacifier_mom_v1_,1,Yes,""
"",parentleave_f_int_,0,No,""
"",parentleave_f_int_,1,Yes,""
"",preeclmps_mom_v1_,0,No,""
"",preeclmps_mom_v1_,1,Yes,""
"",preeclmps_mom_v1_,2,Don't Know/Refused,""
"",preflang_f_int_,1,English,""
"",preflang_f_int_,2,Spanish,""
"",preflang_f_int_,3,Other,""
"",preflang_mom_int_,1,English,""
"",preflang_mom_int_,2,Spanish,""
"",preflang_mom_int_,3,Other,""
"",procmeat_mom_int_,0,Never,""
"",procmeat_mom_int_,1,Less than once per week,""
"",procmeat_mom_int_,2,Once per week,""
"",procmeat_mom_int_,3,2-4 times per week,""
"",procmeat_mom_int_,4,Nearly daily or daily,""
"",procmeat_mom_int_,5,2-4 times per day,""
"",procmeat_mom_int_,6,5 or more times per day,""
"",procmeat_mom_int_,7,Refused/Don't Know,""
"",procmeat_mom_v1_,0,Never,""
"",procmeat_mom_v1_,1,Less than once per week,""
"",procmeat_mom_v1_,2,Once per week,""
"",procmeat_mom_v1_,3,2-4 times per week,""
"",procmeat_mom_v1_,4,Nearly daily or daily,""
"",procmeat_mom_v1_,5,2-4 times per day,""
"",procmeat_mom_v1_,6,5 or more times per day,""
"",procmeat_mom_v1_,7,Refused/Don't Know,""
"",punch_mom_int_,0,Never,""
"",punch_mom_int_,1,Less than once per week,""
"",punch_mom_int_,2,Once per week,""
"",punch_mom_int_,3,2-4 times per week,""
"",punch_mom_int_,4,Nearly daily or daily,""
"",punch_mom_int_,5,2-4 times per day,""
"",punch_mom_int_,6,5 or more times per day,""
"",punch_mom_int_,7,Refused/Don't Know,""
"",punch_mom_v1_,0,Never,""
"",punch_mom_v1_,1,Less than once per week,""
"",punch_mom_v1_,2,Once per week,""
"",punch_mom_v1_,3,2-4 times per week,""
"",punch_mom_v1_,4,Nearly daily or daily,""
"",punch_mom_v1_,5,2-4 times per day,""
"",punch_mom_v1_,6,5 or more times per day,""
"",punch_mom_v1_,7,Refused/Don't Know,""
"",race_baby_,1,White,""
"",race_baby_,2,Black or African American,""
"",race_baby_,3,Asian,""
"",race_baby_,4,Hispanic or Latino,""
"",race_dad_,1,White,""
"",race_dad_,2,Black or African American,""
"",race_dad_,3,Asian,""
"",race_dad_,4,Hispanic or Latino,""
"",race_dad_,5,Refused or don't know,""
"",race_mom_,1,White,""
"",race_mom_,2,Black or African American,""
"",race_mom_,3,Asian,""
"",race_mom_,4,Hispanic or Latino,""
"",reflux_mom_v1_,0,No,""
"",reflux_mom_v1_,1,Yes,""
"",relationdad_mom_v1_,1,Not married,""
"",relationdad_mom_v1_,2,"Not married, but living with father",""
"",relationdad_mom_v1_,3,Engaged,""
"",relationdad_mom_v1_,4,Married,""
"",relationdad_mom_v1_,5,Common-law married,""
"",relationdad_mom_v1_,6,Separated,""
"",relationdad_mom_v1_,7,Divorced,""
"",relationdad_mom_v1_,8,Widowed,""
"",relationdad_mom_v1_,9,Refused,""
"",sharerespons_mom_v1_,0,No,""
"",sharerespons_mom_v1_,1,Yes - male caregiver,""
"",sharerespons_mom_v1_,2,Yes - female caregiver,""
"",sleepparent10_f_v2_,1,Strongly Disagree,""
"",sleepparent10_f_v2_,2,Disagree,""
"",sleepparent10_f_v2_,3,Agree,""
"",sleepparent10_f_v2_,4,Strongly Agree,""
"",sleepparent10_f_v2_,5,Not Sure/ Unknown,""
"",sleepparent1_f_v2_,1,Strongly Disagree,""
"",sleepparent1_f_v2_,2,Disagree,""
"",sleepparent1_f_v2_,3,Agree,""
"",sleepparent1_f_v2_,4,Strongly Agree,""
"",sleepparent1_f_v2_,5,Not Sure/ Unknown,""
"",sleepparent2_f_v2_,1,Strongly Disagree,""
"",sleepparent2_f_v2_,2,Disagree,""
"",sleepparent2_f_v2_,3,Agree,""
"",sleepparent2_f_v2_,4,Strongly Agree,""
"",sleepparent2_f_v2_,5,Not Sure/ Unknown,""
"",sleepparent3_f_v2_,1,Strongly Disagree,""
"",sleepparent3_f_v2_,2,Disagree,""
"",sleepparent3_f_v2_,3,Agree,""
"",sleepparent3_f_v2_,4,Strongly Agree,""
"",sleepparent3_f_v2_,5,Not Sure/ Unknown,""
"",sleepparent4_f_v2_,1,Strongly Disagree,""
"",sleepparent4_f_v2_,2,Disagree,""
"",sleepparent4_f_v2_,3,Agree,""
"",sleepparent4_f_v2_,4,Strongly Agree,""
"",sleepparent4_f_v2_,5,Not Sure/ Unknown,""
"",sleepparent5_f_v2_,1,Strongly Disagree,""
"",sleepparent5_f_v2_,2,Disagree,""
"",sleepparent5_f_v2_,3,Agree,""
"",sleepparent5_f_v2_,4,Strongly Agree,""
"",sleepparent5_f_v2_,5,Not Sure/ Unknown,""
"",sleepparent6_f_v2_,1,Strongly Disagree,""
"",sleepparent6_f_v2_,2,Disagree,""
"",sleepparent6_f_v2_,3,Agree,""
"",sleepparent6_f_v2_,4,Strongly Agree,""
"",sleepparent6_f_v2_,5,Not Sure/ Unknown,""
"",sleepparent7_f_v2_,1,Strongly Disagree,""
"",sleepparent7_f_v2_,2,Disagree,""
"",sleepparent7_f_v2_,3,Agree,""
"",sleepparent7_f_v2_,4,Strongly Agree,""
"",sleepparent7_f_v2_,5,Not Sure/ Unknown,""
"",sleepparent8_f_v2_,1,Strongly Disagree,""
"",sleepparent8_f_v2_,2,Disagree,""
"",sleepparent8_f_v2_,3,Agree,""
"",sleepparent8_f_v2_,4,Strongly Agree,""
"",sleepparent8_f_v2_,5,Not Sure/ Unknown,""
"",sleepparent9_f_v2_,1,Strongly Disagree,""
"",sleepparent9_f_v2_,2,Disagree,""
"",sleepparent9_f_v2_,3,Agree,""
"",sleepparent9_f_v2_,4,Strongly Agree,""
"",sleepparent9_f_v2_,5,Not Sure/ Unknown,""
"",sleepquality_f_v2_,1,Very sound or restful,""
"",sleepquality_f_v2_,2,Sound or restful,""
"",sleepquality_f_v2_,3,Average quality,""
"",sleepquality_f_v2_,4,Restless,""
"",sleepquality_f_v2_,5,Very restless,""
"",sleeptimeyn_mom_v1_,0,No,""
"",sleeptimeyn_mom_v1_,1,Yes,""
"",sleepwkday_f_int_,1,< 3 hours,""
"",sleepwkday_f_int_,2,3.5 hours,""
"",sleepwkday_f_int_,3,4 hours,""
"",sleepwkday_f_int_,4,4.5 hours,""
"",sleepwkday_f_int_,5,5 hours,""
"",sleepwkday_f_int_,6,5.5 hours,""
"",sleepwkday_f_int_,7,6 hours,""
"",sleepwkday_f_int_,8,6.5 hours,""
"",sleepwkday_f_int_,9,7 hours,""
"",sleepwkday_f_int_,10,7.5 hours,""
"",sleepwkday_f_int_,11,8 hours,""
"",sleepwkday_f_int_,12,8.5 hours,""
"",sleepwkday_f_int_,13,9 hours,""
"",sleepwkday_f_int_,14,9.5 hours,""
"",sleepwkday_f_int_,15,10 hours,""
"",sleepwkday_f_int_,16,10.5 hours,""
"",sleepwkday_f_int_,17,11 hours,""
"",sleepwkday_f_int_,18,> 11 hours,""
"",sleepwkday_f_v2_,1,< 3 hours,""
"",sleepwkday_f_v2_,2,3.5 hours,""
"",sleepwkday_f_v2_,3,4 hours,""
"",sleepwkday_f_v2_,4,4.5 hours,""
"",sleepwkday_f_v2_,5,5 hours,""
"",sleepwkday_f_v2_,6,5.5 hours,""
"",sleepwkday_f_v2_,7,6 hours,""
"",sleepwkday_f_v2_,8,6.5 hours,""
"",sleepwkday_f_v2_,9,7 hours,""
"",sleepwkday_f_v2_,10,7.5 hours,""
"",sleepwkday_f_v2_,11,8 hours,""
"",sleepwkday_f_v2_,12,8.5 hours,""
"",sleepwkday_f_v2_,13,9 hours,""
"",sleepwkday_f_v2_,14,9.5 hours,""
"",sleepwkday_f_v2_,15,10 hours,""
"",sleepwkday_f_v2_,16,10.5 hours,""
"",sleepwkday_f_v2_,17,11 hours,""
"",sleepwkday_f_v2_,18,> 11 hours,""
"",sleepwknd_f_int_,1,< 3 hours,""
"",sleepwknd_f_int_,2,3.5 hours,""
"",sleepwknd_f_int_,3,4 hours,""
"",sleepwknd_f_int_,4,4.5 hours,""
"",sleepwknd_f_int_,5,5 hours,""
"",sleepwknd_f_int_,6,5.5 hours,""
"",sleepwknd_f_int_,7,6 hours,""
"",sleepwknd_f_int_,8,6.5 hours,""
"",sleepwknd_f_int_,9,7 hours,""
"",sleepwknd_f_int_,10,7.5 hours,""
"",sleepwknd_f_int_,11,8 hours,""
"",sleepwknd_f_int_,12,8.5 hours,""
"",sleepwknd_f_int_,13,9 hours,""
"",sleepwknd_f_int_,14,9.5 hours,""
"",sleepwknd_f_int_,15,10 hours,""
"",sleepwknd_f_int_,16,10.5 hours,""
"",sleepwknd_f_int_,17,11 hours,""
"",sleepwknd_f_int_,18,> 11 hours,""
"",sleepwknd_f_v2_,1,< 3 hours,""
"",sleepwknd_f_v2_,2,3.5 hours,""
"",sleepwknd_f_v2_,3,4 hours,""
"",sleepwknd_f_v2_,4,4.5 hours,""
"",sleepwknd_f_v2_,5,5 hours,""
"",sleepwknd_f_v2_,6,5.5 hours,""
"",sleepwknd_f_v2_,7,6 hours,""
"",sleepwknd_f_v2_,8,6.5 hours,""
"",sleepwknd_f_v2_,9,7 hours,""
"",sleepwknd_f_v2_,10,7.5 hours,""
"",sleepwknd_f_v2_,11,8 hours,""
"",sleepwknd_f_v2_,12,8.5 hours,""
"",sleepwknd_f_v2_,13,9 hours,""
"",sleepwknd_f_v2_,14,9.5 hours,""
"",sleepwknd_f_v2_,15,10 hours,""
"",sleepwknd_f_v2_,16,10.5 hours,""
"",sleepwknd_f_v2_,17,11 hours,""
"",sleepwknd_f_v2_,18,> 11 hours,""
"",slpapnea4w_mom_int_,0,Never,""
"",slpapnea4w_mom_int_,1,Rarely (less than one night a week),""
"",slpapnea4w_mom_int_,2,Sometimes (1 or 2 nights a week),""
"",slpapnea4w_mom_int_,3,Frequently (3 to 5 nights a week),""
"",slpapnea4w_mom_int_,4,Always or almost always (6 or 7 nights a week),""
"",slpapnea4w_mom_int_,5,Don't know,""
"",slpapnea4w_mom_v1_,0,Never,""
"",slpapnea4w_mom_v1_,1,Rarely (less than one night a week),""
"",slpapnea4w_mom_v1_,2,Sometimes (1 or 2 nights a week),""
"",slpapnea4w_mom_v1_,3,Frequently (3 to 5 nights a week),""
"",slpapnea4w_mom_v1_,4,Always or almost always (6 or 7 nights a week),""
"",slpapnea4w_mom_v1_,5,Don't know,""
"",slpapnea_mom_v1_,0,No,""
"",slpapnea_mom_v1_,1,Yes,""
"",slpapnea_mom_v1_,2,Don't Know/Refused,""
"",smartphonedata_f_int_,0,No,""
"",smartphonedata_f_int_,1,Yes,""
"",smkduringpreg_mom_v1_,0,No,""
"",smkduringpreg_mom_v1_,1,Yes,""
"",smokecigs_f_int_,0,No,""
"",smokecigs_f_int_,1,Yes - At least 1 cigarette per day,""
"",smokecigs_f_int_,2,Yes - Less than 1 cigarette per day,""
"",smokecigs_f_v2_,0,No,""
"",smokecigs_f_v2_,1,Yes - At least 1 cigarette per day,""
"",smokecigs_f_v2_,2,Yes - Less than 1 cigarette per day,""
"",smokexphome_mom_v1_,0,No,""
"",smokexphome_mom_v1_,1,Yes,""
"",smokexphome_mom_v1_,2,N/A (live alone),""
"",smokperday_mom_v1_,1,Less than 5 cigarettes per day,""
"",smokperday_mom_v1_,2,5 to 9 cigarettes per day,""
"",smokperday_mom_v1_,3,10 to 14 cigarettes per day,""
"",smokperday_mom_v1_,4,15 to 24 cigarettes per day,""
"",smokperday_mom_v1_,5,25 cigarettes or more per day,""
"",smokperday_mom_v1_,6,Unsure,""
"",snapwic_mom_v1___1_,0,Unchecked,""
"",snapwic_mom_v1___1_,1,Checked,""
"",snapwic_mom_v1___2_,0,Unchecked,""
"",snapwic_mom_v1___2_,1,Checked,""
"",snapwic_mom_v1___3_,0,Unchecked,""
"",snapwic_mom_v1___3_,1,Checked,""
"",snapwic_mom_v1___4_,0,Unchecked,""
"",snapwic_mom_v1___4_,1,Checked,""
"",snapwic_mom_v1___5_,0,Unchecked,""
"",snapwic_mom_v1___5_,1,Checked,""
"",snapwic_mom_v1___6_,0,Unchecked,""
"",snapwic_mom_v1___6_,1,Checked,""
"",snapwic_mom_v1___7_,0,Unchecked,""
"",snapwic_mom_v1___7_,1,Checked,""
"",snore_f_v2_,0,Never,""
"",snore_f_v2_,1,Rarely (less than one night a week),""
"",snore_f_v2_,2,Sometimes (1 or 2 nights a week),""
"",snore_f_v2_,3,Frequently (3 to 5 nights a week),""
"",snore_f_v2_,4,Always or almost always (6 or 7 nights a week),""
"",snore_f_v2_,5,Don't know,""
"",snorelast4wk_mom_int_,0,Never,""
"",snorelast4wk_mom_int_,1,Rarely (less than one night a week),""
"",snorelast4wk_mom_int_,2,Sometimes (1 or 2 nights a week),""
"",snorelast4wk_mom_int_,3,Frequently (3 to 5 nights a week),""
"",snorelast4wk_mom_int_,4,Always or almost always (6 or 7 nights a week),""
"",snorelast4wk_mom_int_,5,Don't know,""
"",snorelast4wk_mom_v1_,0,Never,""
"",snorelast4wk_mom_v1_,1,Rarely (less than one night a week),""
"",snorelast4wk_mom_v1_,2,Sometimes (1 or 2 nights a week),""
"",snorelast4wk_mom_v1_,3,Frequently (3 to 5 nights a week),""
"",snorelast4wk_mom_v1_,4,Always or almost always (6 or 7 nights a week),""
"",snorelast4wk_mom_v1_,5,Don't know,""
"",soda_mom_int_,0,Never,""
"",soda_mom_int_,1,Less than once per week,""
"",soda_mom_int_,2,Once per week,""
"",soda_mom_int_,3,2-4 times per week,""
"",soda_mom_int_,4,Nearly daily or daily,""
"",soda_mom_int_,5,2-4 times per day,""
"",soda_mom_int_,6,5 or more times per day,""
"",soda_mom_int_,7,Refused/Don't Know,""
"",soda_mom_v1_,0,Never,""
"",soda_mom_v1_,1,Less than once per week,""
"",soda_mom_v1_,2,Once per week,""
"",soda_mom_v1_,3,2-4 times per week,""
"",soda_mom_v1_,4,Nearly daily or daily,""
"",soda_mom_v1_,5,2-4 times per day,""
"",soda_mom_v1_,6,5 or more times per day,""
"",soda_mom_v1_,7,Refused/Don't Know,""
"",specialobj_mom_v1_,0,"Never, or less than once a week",""
"",specialobj_mom_v1_,1,1 night a week,""
"",specialobj_mom_v1_,2,2 nights a week,""
"",specialobj_mom_v1_,3,3 nights a week,""
"",specialobj_mom_v1_,4,4 nights a week,""
"",specialobj_mom_v1_,5,5 nights a week,""
"",specialobj_mom_v1_,6,6 nights a week,""
"",specialobj_mom_v1_,7,Every night of the week,""
"",stopbreathe_f_v2_,0,Never,""
"",stopbreathe_f_v2_,1,Rarely (less than one night a week),""
"",stopbreathe_f_v2_,2,Sometimes (1 or 2 nights a week),""
"",stopbreathe_f_v2_,3,Frequently (3 to 5 nights a week),""
"",stopbreathe_f_v2_,4,Always or almost always (6 or 7 nights a week),""
"",stopbreathe_f_v2_,5,Don't know,""
"",strenex_f_int_,0,Never,""
"",strenex_f_int_,1,1 time per week,""
"",strenex_f_int_,2,2 times per week,""
"",strenex_f_int_,3,3 times per week,""
"",strenex_f_int_,4,4 times per week,""
"",strenex_f_int_,5,5 times per week,""
"",strenex_f_int_,6,6 times per week,""
"",strenex_f_int_,7,7 times per week,""
"",strenex_f_int_,8,8 times per week,""
"",strenex_f_int_,9,9 times per week,""
"",strenex_f_int_,10,10 times per week,""
"",strenex_f_int_,11,11 times per week,""
"",strenex_f_int_,12,12 times per week,""
"",strenex_f_int_,13,13 times per week,""
"",strenex_f_int_,14,14 times per week,""
"",strenex_f_int_,15,15 times per week,""
"",strenex_f_int_,16,> 15 times per week,""
"",strexercise_f_v2_,0,Never,""
"",strexercise_f_v2_,1,1 time per week,""
"",strexercise_f_v2_,2,2 times per week,""
"",strexercise_f_v2_,3,3 times per week,""
"",strexercise_f_v2_,4,4 times per week,""
"",strexercise_f_v2_,5,5 times per week,""
"",strexercise_f_v2_,6,6 times per week,""
"",strexercise_f_v2_,7,7 times per week,""
"",strexercise_f_v2_,8,8 times per week,""
"",strexercise_f_v2_,9,9 times per week,""
"",strexercise_f_v2_,10,10 times per week,""
"",strexercise_f_v2_,11,11 times per week,""
"",strexercise_f_v2_,12,12 times per week,""
"",strexercise_f_v2_,13,13 times per week,""
"",strexercise_f_v2_,14,14 times per week,""
"",strexercise_f_v2_,15,15 times per week,""
"",strexercise_f_v2_,16,More than 15 times per week,""
"",stridor_mom_v1_,0,No,""
"",stridor_mom_v1_,1,Yes,""
"",swaddle_mom_v1_,0,"Never, or less than once a week",""
"",swaddle_mom_v1_,1,1 night a week,""
"",swaddle_mom_v1_,2,2 nights a week,""
"",swaddle_mom_v1_,3,3 nights a week,""
"",swaddle_mom_v1_,4,4 nights a week,""
"",swaddle_mom_v1_,5,5 nights a week,""
"",swaddle_mom_v1_,6,6 nights a week,""
"",swaddle_mom_v1_,7,Every night of the week,""
"",sweets_mom_int_,0,Never,""
"",sweets_mom_int_,1,Less than once per week,""
"",sweets_mom_int_,2,Once per week,""
"",sweets_mom_int_,3,2-4 times per week,""
"",sweets_mom_int_,4,Nearly daily or daily,""
"",sweets_mom_int_,5,2-4 times per day,""
"",sweets_mom_int_,6,5 or more times per day,""
"",sweets_mom_int_,7,Refused/Don't Know,""
"",sweets_mom_v1_,0,Never,""
"",sweets_mom_v1_,1,Less than once per week,""
"",sweets_mom_v1_,2,Once per week,""
"",sweets_mom_v1_,3,2-4 times per week,""
"",sweets_mom_v1_,4,Nearly daily or daily,""
"",sweets_mom_v1_,5,2-4 times per day,""
"",sweets_mom_v1_,6,5 or more times per day,""
"",sweets_mom_v1_,7,Refused/Don't Know,""
"",t1d_f_v2_,0,No,""
"",t1d_f_v2_,1,Yes,""
"",t1d_f_v2_,2,Unsure,""
"",t2d_f_v2_,0,No,""
"",t2d_f_v2_,1,Yes,""
"",t2d_f_v2_,2,Unsure,""
"",takebabybed_mom_v1_,0,"Never, or less than once a week",""
"",takebabybed_mom_v1_,1,1 night a week,""
"",takebabybed_mom_v1_,2,2 nights a week,""
"",takebabybed_mom_v1_,3,3 nights a week,""
"",takebabybed_mom_v1_,4,4 nights a week,""
"",takebabybed_mom_v1_,5,5 nights a week,""
"",takebabybed_mom_v1_,6,6 nights a week,""
"",takebabybed_mom_v1_,7,Every night of the week,""
"",timeinusmonths_f_v2_,1,1 month,""
"",timeinusmonths_f_v2_,2,2 months,""
"",timeinusmonths_f_v2_,3,3 months,""
"",timeinusmonths_f_v2_,4,4 months,""
"",timeinusmonths_f_v2_,5,5 months,""
"",timeinusmonths_f_v2_,6,6 months,""
"",timeinusmonths_f_v2_,7,7 months,""
"",timeinusmonths_f_v2_,8,8 months,""
"",timeinusmonths_f_v2_,9,9 months,""
"",timeinusmonths_f_v2_,10,10 months,""
"",timeinusmonths_f_v2_,11,11 months,""
"",timeinusyrs_f_v2_,1,Less than 1 year,""
"",timeinusyrs_f_v2_,2,1 year,""
"",timeinusyrs_f_v2_,3,2 years,""
"",timeinusyrs_f_v2_,4,3 years,""
"",timeinusyrs_f_v2_,5,4 years,""
"",timeinusyrs_f_v2_,6,5 years,""
"",timeinusyrs_f_v2_,7,More than 5 years,""
"",timewbaby10_f_v2_,0,Not at all,""
"",timewbaby10_f_v2_,1,Rarely,""
"",timewbaby10_f_v2_,2,A few times a month,""
"",timewbaby10_f_v2_,3,A few times a week,""
"",timewbaby10_f_v2_,4,About once a day,""
"",timewbaby10_f_v2_,5,More than once a day,""
"",timewbaby1_f_v2_,0,Not at all,""
"",timewbaby1_f_v2_,1,Rarely,""
"",timewbaby1_f_v2_,2,A few times a month,""
"",timewbaby1_f_v2_,3,A few times a week,""
"",timewbaby1_f_v2_,4,About once a day,""
"",timewbaby1_f_v2_,5,More than once a day,""
"",timewbaby2_f_v2_,0,Not at all,""
"",timewbaby2_f_v2_,1,Rarely,""
"",timewbaby2_f_v2_,2,A few times a month,""
"",timewbaby2_f_v2_,3,A few times a week,""
"",timewbaby2_f_v2_,4,About once a day,""
"",timewbaby2_f_v2_,5,More than once a day,""
"",timewbaby3_f_v2_,0,Not at all,""
"",timewbaby3_f_v2_,1,Rarely,""
"",timewbaby3_f_v2_,2,A few times a month,""
"",timewbaby3_f_v2_,3,A few times a week,""
"",timewbaby3_f_v2_,4,About once a day,""
"",timewbaby3_f_v2_,5,More than once a day,""
"",timewbaby4_f_v2_,0,Not at all,""
"",timewbaby4_f_v2_,1,Rarely,""
"",timewbaby4_f_v2_,2,A few times a month,""
"",timewbaby4_f_v2_,3,A few times a week,""
"",timewbaby4_f_v2_,4,About once a day,""
"",timewbaby4_f_v2_,5,More than once a day,""
"",timewbaby5_f_v2_,0,Not at all,""
"",timewbaby5_f_v2_,1,Rarely,""
"",timewbaby5_f_v2_,2,A few times a month,""
"",timewbaby5_f_v2_,3,A few times a week,""
"",timewbaby5_f_v2_,4,About once a day,""
"",timewbaby5_f_v2_,5,More than once a day,""
"",timewbaby6_f_v2_,0,Not at all,""
"",timewbaby6_f_v2_,1,Rarely,""
"",timewbaby6_f_v2_,2,A few times a month,""
"",timewbaby6_f_v2_,3,A few times a week,""
"",timewbaby6_f_v2_,4,About once a day,""
"",timewbaby6_f_v2_,5,More than once a day,""
"",timewbaby7_f_v2_,0,Not at all,""
"",timewbaby7_f_v2_,1,Rarely,""
"",timewbaby7_f_v2_,2,A few times a month,""
"",timewbaby7_f_v2_,3,A few times a week,""
"",timewbaby7_f_v2_,4,About once a day,""
"",timewbaby7_f_v2_,5,More than once a day,""
"",timewbaby8_f_v2_,0,Not at all,""
"",timewbaby8_f_v2_,1,Rarely,""
"",timewbaby8_f_v2_,2,A few times a month,""
"",timewbaby8_f_v2_,3,A few times a week,""
"",timewbaby8_f_v2_,4,About once a day,""
"",timewbaby8_f_v2_,5,More than once a day,""
"",timewbaby9_f_v2_,0,Not at all,""
"",timewbaby9_f_v2_,1,Rarely,""
"",timewbaby9_f_v2_,2,A few times a month,""
"",timewbaby9_f_v2_,3,A few times a week,""
"",timewbaby9_f_v2_,4,About once a day,""
"",timewbaby9_f_v2_,5,More than once a day,""
"",tvbabyslp_mom_v1_,0,No,""
"",tvbabyslp_mom_v1_,1,Yes,""
"",v1sbreastfd_,0,No,""
"",v1sbreastfd_,1,Yes,""
"",v1sbrstbttle_,1,Breast only,""
"",v1sbrstbttle_,2,Bottle only,""
"",v1sbrstbttle_,3,Both breast and bottle,""
"",v1sdrnkall_,0,Never,""
"",v1sdrnkall_,1,Rarely,""
"",v1sdrnkall_,2,Sometimes,""
"",v1sdrnkall_,3,Most of the time,""
"",v1sdrnkall_,4,Always,""
"",v1sdrnkall_,5,Na,""
"",v1sdrnkbottle_,0,Never,""
"",v1sdrnkbottle_,1,Rarely,""
"",v1sdrnkbottle_,2,Sometimes,""
"",v1sdrnkbottle_,3,Most of the time,""
"",v1sdrnkbottle_,4,Always,""
"",v1sdrnkbottle_,5,Na,""
"",v1sformula_,0,No,""
"",v1sformula_,1,Yes,""
"",v1sformulatype_,1,Cow-based,""
"",v1sformulatype_,2,Soy-based,""
"",v1sformulatype_,3,Other,""
"",v1sfruitjcesoda_,0,None,""
"",v1sfruitjcesoda_,1,Less than 2 ounces,""
"",v1sfruitjcesoda_,2,2 to 4 ounces,""
"",v1sfruitjcesoda_,3,5 to 8 ounces,""
"",v1sfruitjcesoda_,4,9 ounces or more,""
"",v1sotherliquids_,0,No,""
"",v1sotherliquids_,1,"Yes - additional liquids, not just water",""
"",v1sotherliquids_,2,Yes - water only,""
"",v1souncesinbottle_,1,Less than 8 ounces,""
"",v1souncesinbottle_,2,8 to 15 ounces,""
"",v1souncesinbottle_,3,16 to 31 ounces,""
"",v1souncesinbottle_,4,32 ounces or more,""
"",v1ssolidfood_,0,No,""
"",v1ssolidfood_,1,Yes,""
"",v1sstillbrstfd_,0,No,""
"",v1sstillbrstfd_,1,Yes,""
"",v1swaterdrnk_,0,None,""
"",v1swaterdrnk_,1,Less than 8 ounces,""
"",v1swaterdrnk_,2,8 to 15 ounces,""
"",v1swaterdrnk_,3,16 to 31 ounces,""
"",v1swaterdrnk_,4,32 ounces or more,""
"",veg_mom_int_,0,Never,""
"",veg_mom_int_,1,Less than once per week,""
"",veg_mom_int_,2,Once per week,""
"",veg_mom_int_,3,2-4 times per week,""
"",veg_mom_int_,4,Nearly daily or daily,""
"",veg_mom_int_,5,2-4 times per day,""
"",veg_mom_int_,6,5 or more times per day,""
"",veg_mom_int_,7,Refused/Don't Know,""
"",veg_mom_v1_,0,Never,""
"",veg_mom_v1_,1,Less than once per week,""
"",veg_mom_v1_,2,Once per week,""
"",veg_mom_v1_,3,2-4 times per week,""
"",veg_mom_v1_,4,Nearly daily or daily,""
"",veg_mom_v1_,5,2-4 times per day,""
"",veg_mom_v1_,6,5 or more times per day,""
"",veg_mom_v1_,7,Refused/Don't Know,""
"",visitnumber,1,SHINE Visit,""
"",vitdyn_v1_,0,No,""
"",vitdyn_v1_,1,Yes,""
"",wakeatnight_mom_v1_,0,No,""
"",wakeatnight_mom_v1_,1,Yes,""
"",wakeprob_mom_v1_,1,Not a problem at all (1),""
"",wakeprob_mom_v1_,2,Rarely a problem (2),""
"",wakeprob_mom_v1_,3,Somewhat of a problem (3),""
"",wakeprob_mom_v1_,4,Often a problem (4),""
"",wakeprob_mom_v1_,5,Definitely a problem (5),""
"",waketimeyn_mom_v1_,0,No,""
"",waketimeyn_mom_v1_,1,Yes,""
"",waketofeed_mom_v1_,0,Never,""
"",waketofeed_mom_v1_,1,Occasionally,""
"",waketofeed_mom_v1_,2,Often,""
"",waktime_ampmag_mom_v1_,1,Am,""
"",waktime_ampmag_mom_v1_,2,Pm,""
"",waterdmghome_mom_v1_,0,No,""
"",waterdmghome_mom_v1_,1,Yes,""
"",waterdmghome_mom_v1_,2,Don't Know,""
"",weight_source_,1,CRC measurement,""
"",weight_source_,2,Extracted from EHR,""
"",yogurt_mom_int_,0,Never,""
"",yogurt_mom_int_,1,Less than once per week,""
"",yogurt_mom_int_,2,Once per week,""
"",yogurt_mom_int_,3,2-4 times per week,""
"",yogurt_mom_int_,4,Nearly daily or daily,""
"",yogurt_mom_int_,5,2-4 times per day,""
"",yogurt_mom_int_,6,5 or more times per day,""
"",yogurt_mom_int_,7,Refused/Don't Know,""
"",yogurt_mom_v1_,0,Never,""
"",yogurt_mom_v1_,1,Less than once per week,""
"",yogurt_mom_v1_,2,Once per week,""
"",yogurt_mom_v1_,3,2-4 times per week,""
"",yogurt_mom_v1_,4,Nearly daily or daily,""
"",yogurt_mom_v1_,5,2-4 times per day,""
"",yogurt_mom_v1_,6,5 or more times per day,""
"",yogurt_mom_v1_,7,Refused/Don't Know,""
